{
    "total_runtime": 99.12983632087708,
    "num_documents": 3,
    "input_load_time": 0,
    "workflows": {
        "create_base_text_units": {
            "overall": 0.601508617401123,
            "0_orderby": 0.007508516311645508,
            "1_zip": 0.008778572082519531,
            "2_aggregate_override": 0.018059492111206055,
            "3_chunk": 0.4276552200317383,
            "4_select": 0.011910438537597656,
            "5_unroll": 0.014993429183959961,
            "6_rename": 0.011997699737548828,
            "7_genid": 0.012466669082641602,
            "8_unzip": 0.013840675354003906,
            "9_copy": 0.013271331787109375,
            "10_filter": 0.05595588684082031
        },
        "create_base_extracted_entities": {
            "overall": 37.82358956336975,
            "0_entity_extract": 37.75127911567688,
            "1_merge_graphs": 0.06145191192626953
        },
        "create_summarized_entities": {
            "overall": 7.435850620269775,
            "0_summarize_descriptions": 7.423156261444092
        },
        "create_base_entity_graph": {
            "overall": 0.15066123008728027,
            "0_cluster_graph": 0.1202392578125,
            "1_select": 0.01734137535095215
        },
        "create_final_entities": {
            "overall": 1.8093369007110596,
            "0_unpack_graph": 0.04333209991455078,
            "1_rename": 0.01987290382385254,
            "2_select": 0.020726680755615234,
            "3_dedupe": 0.02439594268798828,
            "4_rename": 0.022365093231201172,
            "5_filter": 0.053107261657714844,
            "6_text_split": 0.028999805450439453,
            "7_drop": 0.022871017456054688,
            "8_merge": 0.0769503116607666,
            "9_text_embed": 1.3918988704681396,
            "10_drop": 0.023693323135375977,
            "11_filter": 0.06483936309814453
        },
        "create_final_nodes": {
            "overall": 0.6342780590057373,
            "0_layout_graph": 0.14845967292785645,
            "1_unpack_graph": 0.05544710159301758,
            "2_unpack_graph": 0.06015443801879883,
            "3_drop": 0.026522159576416016,
            "4_filter": 0.07083964347839355,
            "5_select": 0.03135514259338379,
            "6_rename": 0.03016972541809082,
            "7_join": 0.04567766189575195,
            "8_convert": 0.09817790985107422,
            "9_rename": 0.037016868591308594
        },
        "create_final_communities": {
            "overall": 0.7555272579193115,
            "0_unpack_graph": 0.0684971809387207,
            "1_unpack_graph": 0.060202836990356445,
            "2_aggregate_override": 0.041168928146362305,
            "3_join": 0.04562807083129883,
            "4_join": 0.047250986099243164,
            "5_concat": 0.0313868522644043,
            "6_filter": 0.10037732124328613,
            "7_aggregate_override": 0.047051429748535156,
            "8_join": 0.05155491828918457,
            "9_filter": 0.07825803756713867,
            "10_fill": 0.037157535552978516,
            "11_merge": 0.041441917419433594,
            "12_copy": 0.03499555587768555,
            "13_select": 0.03622579574584961
        },
        "join_text_units_to_entity_ids": {
            "overall": 0.16704463958740234,
            "0_select": 0.040812015533447266,
            "1_unroll": 0.04253649711608887,
            "2_aggregate_override": 0.04663419723510742
        },
        "create_final_relationships": {
            "overall": 0.6550631523132324,
            "0_unpack_graph": 0.0650930404663086,
            "1_filter": 0.09350252151489258,
            "2_rename": 0.04463791847229004,
            "3_filter": 0.17914342880249023,
            "4_drop": 0.04677081108093262,
            "5_compute_edge_combined_degree": 0.05422687530517578,
            "6_convert": 0.08991193771362305,
            "7_convert": 0.0467982292175293
        },
        "join_text_units_to_relationship_ids": {
            "overall": 0.24100327491760254,
            "0_select": 0.042459726333618164,
            "1_unroll": 0.0491795539855957,
            "2_aggregate_override": 0.05166196823120117,
            "3_select": 0.057332754135131836
        },
        "create_final_community_reports": {
            "overall": 39.95065188407898,
            "0_prepare_community_reports_nodes": 0.05225563049316406,
            "1_prepare_community_reports_edges": 0.05140113830566406,
            "2_restore_community_hierarchy": 0.059674978256225586,
            "3_prepare_community_reports": 0.2702803611755371,
            "4_create_community_reports": 39.41728210449219,
            "5_window": 0.05955338478088379
        },
        "create_final_text_units": {
            "overall": 0.39443063735961914,
            "0_select": 0.05338406562805176,
            "1_rename": 0.06047534942626953,
            "2_join": 0.0651395320892334,
            "3_join": 0.06170153617858887,
            "4_aggregate_override": 0.05493330955505371,
            "5_select": 0.05086827278137207
        },
        "create_base_documents": {
            "overall": 0.8630890846252441,
            "0_unroll": 0.17602920532226562,
            "1_select": 0.05516505241394043,
            "2_rename": 0.0609283447265625,
            "3_join": 0.07559466361999512,
            "4_aggregate_override": 0.06435251235961914,
            "5_join": 0.08351254463195801,
            "6_rename": 0.06254839897155762,
            "7_convert": 0.23665738105773926
        },
        "create_final_documents": {
            "overall": 0.19198083877563477,
            "0_rename": 0.06988048553466797
        }
    }
}