{
    "total_runtime": 88.18972754478455,
    "num_documents": 1,
    "input_load_time": 0,
    "workflows": {
        "create_base_text_units": {
            "overall": 0.35179996490478516,
            "0_orderby": 0.0033380985260009766,
            "1_zip": 0.005023479461669922,
            "2_aggregate_override": 0.009334802627563477,
            "3_chunk": 0.2540721893310547,
            "4_select": 0.006036996841430664,
            "5_unroll": 0.016585350036621094,
            "6_rename": 0.006301403045654297,
            "7_genid": 0.00657343864440918,
            "8_unzip": 0.009293317794799805,
            "9_copy": 0.006285429000854492,
            "10_filter": 0.026044130325317383
        },
        "create_base_extracted_entities": {
            "overall": 38.09510135650635,
            "0_entity_extract": 38.06964349746704,
            "1_merge_graphs": 0.018295764923095703
        },
        "create_summarized_entities": {
            "overall": 10.014055252075195,
            "0_summarize_descriptions": 10.006453514099121
        },
        "create_base_entity_graph": {
            "overall": 0.07229304313659668,
            "0_cluster_graph": 0.04446816444396973,
            "1_select": 0.013113021850585938
        },
        "create_final_entities": {
            "overall": 1.3507535457611084,
            "0_unpack_graph": 0.015003442764282227,
            "1_rename": 0.011173486709594727,
            "2_select": 0.01531982421875,
            "3_dedupe": 0.014223337173461914,
            "4_rename": 0.01376199722290039,
            "5_filter": 0.027852296829223633,
            "6_text_split": 0.013653993606567383,
            "7_drop": 0.01517486572265625,
            "8_merge": 0.025987863540649414,
            "9_text_embed": 1.1275386810302734,
            "10_drop": 0.0258939266204834,
            "11_filter": 0.03531026840209961
        },
        "create_final_nodes": {
            "overall": 0.30582642555236816,
            "0_layout_graph": 0.04707765579223633,
            "1_unpack_graph": 0.021170616149902344,
            "2_unpack_graph": 0.02067708969116211,
            "3_filter": 0.03662919998168945,
            "4_drop": 0.01670241355895996,
            "5_select": 0.018131494522094727,
            "6_rename": 0.01883411407470703,
            "7_convert": 0.05731534957885742,
            "8_join": 0.03532290458679199,
            "9_rename": 0.018892288208007812
        },
        "create_final_communities": {
            "overall": 0.4552285671234131,
            "0_unpack_graph": 0.023711681365966797,
            "1_unpack_graph": 0.0247042179107666,
            "2_aggregate_override": 0.03407168388366699,
            "3_join": 0.02726268768310547,
            "4_join": 0.03142261505126953,
            "5_concat": 0.02187347412109375,
            "6_filter": 0.05685591697692871,
            "7_aggregate_override": 0.02582550048828125,
            "8_join": 0.03485393524169922,
            "9_filter": 0.053812503814697266,
            "10_fill": 0.023883819580078125,
            "11_merge": 0.0262148380279541,
            "12_copy": 0.02263665199279785,
            "13_select": 0.030774831771850586
        },
        "join_text_units_to_entity_ids": {
            "overall": 0.13851118087768555,
            "0_select": 0.03943347930908203,
            "1_unroll": 0.046840667724609375,
            "2_aggregate_override": 0.02978372573852539
        },
        "create_final_relationships": {
            "overall": 0.3827974796295166,
            "0_unpack_graph": 0.02957463264465332,
            "1_filter": 0.0600581169128418,
            "2_rename": 0.026201486587524414,
            "3_filter": 0.06221938133239746,
            "4_drop": 0.028946876525878906,
            "5_compute_edge_combined_degree": 0.03596234321594238,
            "6_convert": 0.08539366722106934,
            "7_convert": 0.030811071395874023
        },
        "join_text_units_to_relationship_ids": {
            "overall": 0.15920782089233398,
            "0_select": 0.030819177627563477,
            "1_unroll": 0.03268885612487793,
            "2_aggregate_override": 0.03482651710510254,
            "3_select": 0.03263115882873535
        },
        "create_final_community_reports": {
            "overall": 31.857101917266846,
            "0_prepare_community_reports_nodes": 0.030641555786132812,
            "1_prepare_community_reports_edges": 0.03249859809875488,
            "2_restore_community_hierarchy": 0.034536123275756836,
            "3_prepare_community_reports": 0.09986042976379395,
            "4_create_community_reports": 31.59995722770691,
            "5_window": 0.03391551971435547
        },
        "create_final_text_units": {
            "overall": 0.31371617317199707,
            "0_select": 0.07030725479125977,
            "1_rename": 0.03511953353881836,
            "2_join": 0.04172849655151367,
            "3_join": 0.05643486976623535,
            "4_aggregate_override": 0.046208858489990234,
            "5_select": 0.033203125
        },
        "create_base_documents": {
            "overall": 0.41715002059936523,
            "0_unroll": 0.038933753967285156,
            "1_select": 0.03728890419006348,
            "2_rename": 0.037950992584228516,
            "3_join": 0.0471804141998291,
            "4_aggregate_override": 0.039496421813964844,
            "5_join": 0.060808658599853516,
            "6_rename": 0.03854036331176758,
            "7_convert": 0.07910418510437012
        },
        "create_final_documents": {
            "overall": 0.06806635856628418,
            "0_rename": 0.035109519958496094
        }
    }
}