{
    "total_runtime": 91.8045608997345,
    "num_documents": 4,
    "input_load_time": 0,
    "workflows": {
        "create_base_text_units": {
            "overall": 0.4493081569671631,
            "0_orderby": 0.0041506290435791016,
            "1_zip": 0.0063114166259765625,
            "2_aggregate_override": 0.010801076889038086,
            "3_chunk": 0.3397703170776367,
            "4_select": 0.007871627807617188,
            "5_unroll": 0.011881589889526367,
            "6_rename": 0.008095979690551758,
            "7_genid": 0.009199142456054688,
            "8_unzip": 0.010189056396484375,
            "9_copy": 0.010721683502197266,
            "10_filter": 0.026643991470336914
        },
        "create_base_extracted_entities": {
            "overall": 14.44980764389038,
            "0_entity_extract": 14.346558809280396,
            "1_merge_graphs": 0.08989858627319336
        },
        "create_summarized_entities": {
            "overall": 5.411965370178223,
            "0_summarize_descriptions": 5.400931119918823
        },
        "create_base_entity_graph": {
            "overall": 0.15806317329406738,
            "0_cluster_graph": 0.12824344635009766,
            "1_select": 0.017175912857055664
        },
        "create_final_entities": {
            "overall": 1.7214066982269287,
            "0_unpack_graph": 0.06448793411254883,
            "1_rename": 0.0201873779296875,
            "2_select": 0.02158808708190918,
            "3_dedupe": 0.024134159088134766,
            "4_rename": 0.02390909194946289,
            "5_filter": 0.06080174446105957,
            "6_text_split": 0.02782583236694336,
            "7_drop": 0.025465965270996094,
            "8_merge": 0.06681203842163086,
            "9_text_embed": 1.2894551753997803,
            "10_drop": 0.0237886905670166,
            "11_filter": 0.052338361740112305
        },
        "create_final_nodes": {
            "overall": 0.6502726078033447,
            "0_layout_graph": 0.1708676815032959,
            "1_unpack_graph": 0.0663907527923584,
            "2_unpack_graph": 0.06136798858642578,
            "3_drop": 0.025861263275146484,
            "4_filter": 0.07507061958312988,
            "5_select": 0.028602123260498047,
            "6_rename": 0.028116226196289062,
            "7_join": 0.048758745193481445,
            "8_convert": 0.08941459655761719,
            "9_rename": 0.03079080581665039
        },
        "create_final_communities": {
            "overall": 0.8643813133239746,
            "0_unpack_graph": 0.06954145431518555,
            "1_unpack_graph": 0.06627368927001953,
            "2_aggregate_override": 0.03850150108337402,
            "3_join": 0.051275014877319336,
            "4_join": 0.053910017013549805,
            "5_concat": 0.035204410552978516,
            "6_filter": 0.18305611610412598,
            "7_aggregate_override": 0.04351472854614258,
            "8_join": 0.054796457290649414,
            "9_filter": 0.08311009407043457,
            "10_fill": 0.03927350044250488,
            "11_merge": 0.04421710968017578,
            "12_copy": 0.03445243835449219,
            "13_select": 0.03785347938537598
        },
        "join_text_units_to_entity_ids": {
            "overall": 0.16991901397705078,
            "0_select": 0.04072308540344238,
            "1_unroll": 0.04573559761047363,
            "2_aggregate_override": 0.048043251037597656
        },
        "create_final_relationships": {
            "overall": 0.6582419872283936,
            "0_unpack_graph": 0.07348513603210449,
            "1_filter": 0.09539437294006348,
            "2_rename": 0.04121041297912598,
            "3_filter": 0.18139123916625977,
            "4_drop": 0.04555869102478027,
            "5_compute_edge_combined_degree": 0.05644106864929199,
            "6_convert": 0.0888981819152832,
            "7_convert": 0.042215824127197266
        },
        "join_text_units_to_relationship_ids": {
            "overall": 0.3179800510406494,
            "0_select": 0.04635310173034668,
            "1_unroll": 0.050629377365112305,
            "2_aggregate_override": 0.09592485427856445,
            "3_select": 0.08623123168945312
        },
        "create_final_community_reports": {
            "overall": 58.29904341697693,
            "0_prepare_community_reports_nodes": 0.058541297912597656,
            "1_prepare_community_reports_edges": 0.053731679916381836,
            "2_restore_community_hierarchy": 0.05738997459411621,
            "3_prepare_community_reports": 0.4454917907714844,
            "4_create_community_reports": 57.580422163009644,
            "5_window": 0.06201505661010742
        },
        "create_final_text_units": {
            "overall": 0.4054226875305176,
            "0_select": 0.054498910903930664,
            "1_rename": 0.054451704025268555,
            "2_join": 0.06796479225158691,
            "3_join": 0.0656745433807373,
            "4_aggregate_override": 0.05603647232055664,
            "5_select": 0.05497384071350098
        },
        "create_base_documents": {
            "overall": 0.8712847232818604,
            "0_unroll": 0.17020010948181152,
            "1_select": 0.06194448471069336,
            "2_rename": 0.05765700340270996,
            "3_join": 0.07186341285705566,
            "4_aggregate_override": 0.05923032760620117,
            "5_join": 0.07092928886413574,
            "6_rename": 0.062078237533569336,
            "7_convert": 0.26692676544189453
        },
        "create_final_documents": {
            "overall": 0.12928009033203125,
            "0_rename": 0.06646585464477539
        }
    }
}